"FID1","FID2","Sample_temperature","laserTrans","laserLowTrans","pressure.psig","mode","laserRefl","laserLowRefl","DesiredTempSetPt","TempOffsetPt","TimeStamp","MethanatorTemp","FrnOvn.TC","Computed.Offset","CO2_ppm","M_sig","R_sig"
"0","0","500.0729","6437","3","0.247454","Ox","5090","0","500","-2","20768","-999","502","-2","6.7054328","3332967","2958666"
"0","0","500.484","6453","2","0.247071","Ox","5101","-1","500","-2","20752","-999","502","-2","7.3215928","3332692","2958662"
"0","0","500.719","6467","3","0.247837","Ox","5108","0","500","-2","20736","-999","503","-2","7.3268775","3332404","2958497"
"0","0","500.9246","6481","3","0.247837","Ox","5112","0","500","-2","20720","-999","503","-2","7.5834393","3332592","2958735"
"0","0","501.3063","6492","3","0.247837","Ox","5119","-1","500","-2","20704","-999","503","-2","8.2183837","3331761","2958658"
"0","0","501.8056","6508","3","0.246688","Ox","5127","0","500","-2","20688","-999","504","-2","8.020091","3331675","2958323"
"0","0","501.8056","6521","3","0.247071","Ox","5134","0","500","-2","20672","-999","504","-2","8.4114847","3331569","2958725"
"0","0","501.9524","6535","2","0.24822","Ox","5141","0","500","-2","20656","-999","504","-2","8.3842868","3331687","2958838"
"0","0","502.0699","6549","2","0.248986","Ox","5148","0","500","-2","20640","-999","504","-2","8.7262535","3331541","2958999"
"0","0","502.2461","6564","2","0.249752","Ox","5152","1","500","-2","20624","-999","504","-2","8.4649457","3331240","2958549"
"0","0","502.1079","6577","3","0.248986","Ox","5160","0","760","-18","20608","-999","504","-2.138221","8.2758188","3331499","2958984"
"0","0","502.0576","6591","1","0.248986","Ox","5155","0","760","-18","20592","-999","504","-2.129716","8.2524833","3331587","2958529"
"0","0","502.1782","6603","2","0.24822","Ox","5159","-1","760","-18","20576","-999","504","-2.126625","8.8911123","3331317","2959053"
"0","0","502.2296","6615","2","0.248603","Ox","5160","1","760","-18","20560","-999","504","-2.134044","8.6556606","3331389","2958969"
"0","0","502.7844","6627","4","0.249369","Ox","5169","0","760","-18","20544","-999","505","-2.137203","8.4097404","3331814","2958838"
"0","0","503.5725","6643","4","0.249369","Ox","5180","0","760","-18","20528","-999","506","-2.171345","8.5136795","3331538","2959244"
"0","0","504.3463","6653","7","0.249369","Ox","5196","0","760","-18","20512","-999","507","-2.219847","8.3002748","3331545","2958964"
"0","0","505.8552","6662","10","0.248986","Ox","5212","0","760","-18","20496","-999","508","-2.267465","7.6302685","3331976","2958855"
"0","0","507.2601","6675","12","0.250518","Ox","5218","1","760","-18","20480","-999","510","-2.360322","8.1518058","3332188","2958842"
"0","0","509.2295","6684","15","0.25205","Ox","5222","0","760","-18","20464","-999","512","-2.446777","7.8441658","3332365","2959030"
"0","0","511.4872","6696","20","0.25205","Ox","5227","1","760","-18","20448","-999","514","-2.567969","7.0983486","3332544","2958810"
"0","0","514.0209","6706","24","0.25205","Ox","5232","1","760","-18","20432","-999","517","-2.706905","7.4124956","3332600","2959073"
"0","0","517.1252","6714","30","0.252816","Ox","5239","1","760","-18","20416","-999","520","-2.862827","7.1634335","3332854","2959420"
"0","0","520.4589","6732","34","0.253582","Ox","5245","1","760","-18","20400","-999","524","-3.053857","6.349122","3333296","2958538"
"0","0","524.0137","6743","41","0.255114","Ox","5249","2","760","-18","20384","-999","527","-3.259011","6.5963845","3333771","2958897"
"0","0","527.8783","6759","47","0.253582","Ox","5255","2","760","-18","20368","-999","531","-3.477764","6.1437745","3334024","2958905"
"0","0","532.0474","6772","55","0.254348","Ox","5260","1","760","-18","20352","-999","536","-3.715588","5.4788041","3334594","2959235"
"0","0","536.8741","6780","65","0.253965","Ox","5257","4","760","-18","20336","-999","541","-3.972149","5.8705358","3334138","2959137"
"0","0","541.5729","6795","72","0.254731","Ox","5264","4","760","-18","20320","-999","546","-4.269175","5.038381","3334597","2958991"
"0","0","546.5156","6810","81","0.256263","Ox","5275","3","760","-18","20304","-999","551","-4.558334","4.6838507","3335199","2958975"
"0","0","551.9441","6825","91","0.256646","Ox","5279","4","760","-18","20288","-999","557","-4.862496","5.0918035","3334973","2959342"
"0","0","557.4322","6843","103","0.257029","Ox","5282","4","760","-18","20272","-999","563","-5.196559","4.6039648","3334642","2958988"
"0","0","563.3593","6866","115","0.257412","Ox","5291","5","760","-18","20256","-999","569","-5.534288","4.0793356","3335562","2958873"
"0","0","569.3792","6888","127","0.257029","Ox","5307","7","760","-18","20240","-999","575","-5.899035","4.1474037","3335727","2958589"
"0","0","575.6603","6906","142","0.256646","Ox","5319","7","760","-18","20224","-999","582","-6.269486","3.9249897","3335907","2959093"
"0","0","582.0163","6928","156","0.256263","Ox","5336","9","760","-18","20208","-999","589","-6.656021","3.7658317","3335954","2958896"
"0","0","588.5767","6951","173","0.257412","Ox","5354","10","760","-18","20192","-999","596","-7.047157","3.6169207","3335776","2958705"
"0","0","595.2457","6977","191","0.257412","Ox","5374","12","760","-18","20176","-999","603","-7.450871","3.8556342","3335859","2959046"
"0","0","602.1475","7000","212","0.257029","Ox","5390","12","760","-18","20160","-999","610","-7.861272","3.8902802","3335895","2958873"
"0","0","609.1571","7026","233","0.257029","Ox","5405","13","760","-18","20144","-999","617","-8.286001","3.7078266","3335706","2958578"
"0","0","615.8694","7051","256","0.257412","Ox","5423","16","760","-18","20128","-999","625","-8.71736","3.9297625","3335910","2959024"
"0","0","623.2248","7082","278","0.25588","Ox","5448","18","760","-18","20112","-999","632","-9.130424","4.1660647","3335364","2958809"
"0","0","630.1027","7101","303","0.256646","Ox","5460","20","760","-18","20096","-999","640","-9.583064","4.5760564","3335132","2958794"
"0","0","637.6365","7122","328","0.25588","Ox","5467","20","760","-18","20080","-999","648","-10.00632","4.3364419","3334977","2958866"
"0","0","644.9587","7139","343","0.256263","Ox","5478","23","760","-18","20064","-999","655","-10.46994","5.6639738","3334265","2958895"
"0","0","651.9152","7160","289","0.255497","Ox","5485","19","760","-18","20048","-999","663","-10.92054","5.3893022","3334114","2958827"
"0","0","657.4171","7194","239","0.254348","Ox","5504","15","760","-18","20032","-999","669","-11.34863","5.5686225","3334184","2958715"
"0","0","662.4783","7232","206","0.253582","Ox","5527","12","760","-18","20016","-999","674","-11.6872","6.7612977","3333258","2958832"
"0","0","667.1841","7269","232","0.255114","Ox","5540","12","760","-18","20000","-999","679","-11.99867","7.1594543","3332775","2958965"
"0","0","672.3309","7299","268","0.254731","Ox","5553","16","760","-18","19984","-999","685","-12.28825","6.9428315","3332790","2958742"
"0","0","677.5435","7322","286","0.253965","Ox","5578","17","760","-18","19968","-999","690","-12.60498","7.6622352","3332324","2958865"
"0","0","682.6964","7343","266","0.253965","Ox","5589","16","760","-18","19952","-999","696","-12.92575","8.2868957","3331984","2958576"
"0","0","686.9637","7375","225","0.253582","Ox","5595","14","760","-18","19936","-999","700","-13.24286","8.8019571","3331268","2959010"
"0","0","690.6924","7415","196","0.253199","Ox","5602","12","760","-18","19920","-999","704","-13.50546","8.9533147","3330865","2959021"
"0","0","693.89","7445","205","0.253582","Ox","5622","11","760","-18","19904","-999","708","-13.73492","9.282875","3331078","2959094"
"0","0","697.301","7475","200","0.253582","Ox","5648","11","760","-18","19888","-999","711","-13.93169","9.7134075","3330337","2958905"
"0","0","700.5514","7512","232","0.253582","Ox","5677","14","760","-18","19872","-999","715","-14.1416","9.5425071","3330518","2959250"
"0","0","704.2614","7527","262","0.253965","Ox","5702","17","760","-18","19856","-999","719","-14.34162","9.4397192","3330591","2958740"
"0","0","707.9153","7545","234","0.253965","Ox","5719","14","760","-18","19840","-999","722","-14.56993","9.6012573","3330372","2958995"
"0","0","711.037","7557","229","0.254731","Ox","5723","14","760","-18","19824","-999","726","-14.79479","9.9894065","3330129","2958920"
"0","0","713.7148","7567","206","0.253965","Ox","5729","12","760","-18","19808","-999","729","-14.9869","9.8157224","3330212","2958978"
"0","0","716.0322","7575","181","0.253199","Ox","5727","11","760","-18","19792","-999","731","-15.15168","10.090252","3330509","2959124"
"0","0","717.924","7587","166","0.253199","Ox","5730","9","760","-18","19776","-999","733","-15.29429","9.2763977","3330643","2958818"
"0","0","719.4535","7600","183","0.251667","Ox","5743","11","760","-18","19760","-999","735","-15.4107","9.867258","3330550","2959110"
"0","0","721.6344","7606","200","0.250901","Ox","5747","11","760","-18","19744","-999","737","-15.50483","9.9190454","3330674","2959238"
"0","0","723.8659","7600","229","0.251667","Ox","5744","14","760","-18","19728","-999","740","-15.63904","9.5108604","3330965","2959287"
"0","0","726.275","7597","208","0.251284","Ox","5743","11","760","-18","19712","-999","742","-15.77636","9.013091","3331229","2958792"
"0","0","728.1346","7595","196","0.25205","Ox","5740","11","760","-18","19696","-999","744","-15.92461","8.9560546","3331366","2958960"
"0","0","729.7589","7599","183","0.253199","Ox","5743","11","760","-18","19680","-999","746","-16.03905","8.8854455","3331877","2959072"
"0","0","731.1882","7599","163","0.251667","Ox","5743","10","760","-18","19664","-999","747","-16.13901","8.4430999","3331858","2958998"
"0","0","732.06","7606","149","0.251667","Ox","5747","7","760","-18","19648","-999","748","-16.22696","8.2244825","3332086","2958887"
"0","0","732.8463","7614","172","0.250901","Ox","5743","9","760","-18","19632","-999","749","-16.28061","8.184658","3332432","2959442"
"0","0","734.4481","7614","206","0.251284","Ox","5739","12","760","-18","19616","-999","751","-16.329","7.2844758","3332583","2958654"
"0","0","736.5704","7612","235","0.250901","Ox","5739","14","760","-18","19600","-999","753","-16.42757","7.6131663","3332385","2958774"
"0","0","738.5714","7607","243","0.251284","Ox","5740","13","760","-18","19584","-999","755","-16.55818","6.5121355","3332956","2958769"
"0","0","740.4005","7599","212","0.252433","Ox","5733","13","760","-18","19568","-999","757","-16.68132","6.6722512","3333589","2958891"
"0","0","741.6097","7604","187","0.251284","Ox","5736","11","760","-18","19552","-999","758","-16.79387","6.5570545","3333580","2959034"
"0","0","742.557","7606","182","0.251284","Ox","5737","10","760","-18","19536","-999","759","-16.86829","6.0339741","3334110","2958866"
"0","0","743.5205","7604","166","0.250901","Ox","5740","9","760","-18","19520","-999","760","-16.92659","5.607172","3334332","2958833"
"0","0","744.0022","7603","159","0.251284","Ox","5745","9","760","-18","19504","-999","761","-16.98588","5.6778178","3334122","2959214"
"0","0","744.3634","7608","150","0.250135","Ox","5747","7","760","-18","19488","-999","761","-17.01552","5.5133152","3334435","2959125"
"0","0","744.8522","7612","178","0.248986","Ox","5745","10","760","-18","19472","-999","762","-17.03775","5.0596623","3334772","2959399"
"0","0","745.9948","7600","209","0.250135","Ox","5746","11","760","-18","19456","-999","763","-17.06783","5.3698139","3334889","2959189"
"0","0","747.1274","7598","186","0.250901","Ox","5751","10","760","-18","19440","-999","764","-17.13814","4.2679281","3335570","2959178"
"0","0","747.8698","7601","163","0.250518","Ox","5754","9","760","-18","19424","-999","765","-17.20784","3.9869117","3336158","2959035"
"0","0","748.0045","7599","146","0.251284","Ox","5753","7","760","-18","19408","-999","765","-17.25352","3.5311036","3336301","2959158"
"0","0","748.1166","7603","135","0.250901","Ox","5750","7","760","-18","19392","-999","765","-17.26182","3.2795143","3336794","2959242"
"0","0","748.3203","7604","158","0.249752","Ox","5748","8","760","-18","19376","-999","766","-17.26871","2.3996264","3336813","2958616"
"0","0","748.9395","7608","187","0.250135","Ox","5751","11","760","-18","19360","-999","766","-17.28125","2.3866906","3337158","2958861"
"0","0","750.1953","7597","214","0.249752","Ox","5747","14","760","-18","19344","-999","768","-17.31936","1.8527331","3337545","2958829"
"0","0","751.2316","7591","192","0.250518","Ox","5745","10","760","-18","19328","-999","769","-17.39664","1.3465549","3337916","2959049"
"0","0","751.9504","7592","168","0.250901","Ox","5748","8","760","-18","19312","-999","769","-17.4604","0.60830688","3338865","2958552"
"0","0","752.147","7592","150","0.251667","Ox","5747","9","760","-18","19296","-999","770","-17.50464","0.72534956","3339051","2958982"
"0","0","751.9844","7597","138","0.250518","Ox","5747","8","760","-18","19280","-999","770","-17.51674","-0.55055999","3339970","2959055"
"0","0","751.9643","7600","148","0.250135","Ox","5748","7","760","-18","19264","-999","769","-17.50673","-0.36993172","3340012","2959473"
"0","0","752.2365","7601","161","0.249752","Ox","5749","9","760","-18","19248","-999","770","-17.5055","-0.83428163","3340085","2958737"
"0","0","752.7918","7600","171","0.249369","Ox","5750","9","760","-18","19232","-999","770","-17.52224","-1.5429817","3341158","2958962"
"0","0","753.2394","7593","179","0.249752","Ox","5745","10","760","-18","19216","-999","771","-17.55642","-2.0980551","3341721","2959277"
"0","0","753.6635","7596","163","0.249752","Ox","5742","10","760","-18","19200","-999","771","-17.58396","-2.7501142","3342145","2958962"
"0","0","754.1494","7597","166","0.250518","Ox","5741","8","760","-18","19184","-999","772","-17.61006","-3.257524","3342775","2958826"
"0","0","754.3001","7592","155","0.251284","Ox","5739","8","760","-18","19168","-999","772","-17.63996","-3.4347126","3342756","2958912"
"0","0","754.4113","7593","160","0.248986","Ox","5742","8","760","-18","19152","-999","772","-17.64924","-3.9072162","3343357","2959069"
"0","0","754.6454","7592","167","0.249752","Ox","5742","8","760","-18","19136","-999","772","-17.65608","-4.7280163","3344028","2958906"
"0","0","755.113","7583","170","0.250135","Ox","5741","10","760","-18","19120","-999","773","-17.67049","-4.804872","3344477","2959296"
"0","0","755.4456","7583","156","0.250518","Ox","5740","7","760","-18","19104","-999","773","-17.69926","-5.6611046","3344629","2959006"
"0","0","755.4252","7585","155","0.250135","Ox","5735","8","760","-18","19088","-999","773","-17.71973","-5.8050327","3345102","2958946"
"0","0","755.6373","7586","156","0.249752","Ox","5734","8","760","-18","19072","-999","773","-17.71847","-6.1323161","3345427","2958995"
"0","0","755.9556","7585","155","0.250518","Ox","5731","8","760","-18","19056","-999","774","-17.73153","-5.8711242","3345616","2959195"
"0","0","755.7854","7586","142","0.251284","Ox","5730","7","760","-18","19040","-999","774","-17.75112","-6.5946645","3345616","2959101"
"0","0","755.7054","7585","144","0.250135","Ox","5731","8","760","-18","19024","-999","773","-17.74064","-6.7809343","3346124","2958976"
"0","0","755.6201","7585","146","0.250135","Ox","5731","7","760","-18","19008","-999","773","-17.73572","-6.9237909","3345844","2959093"
"0","0","755.5651","7585","148","0.249369","Ox","5726","8","760","-18","18992","-999","773","-17.73046","-6.5243821","3346160","2959158"
"0","0","755.8094","7583","152","0.250135","Ox","5723","7","760","-18","18976","-999","774","-17.72708","-7.0520863","3345940","2958913"
"0","0","755.8848","7582","152","0.250135","Ox","5717","8","760","-18","18960","-999","774","-17.74212","-7.2222652","3346449","2959096"
"0","0","756.1814","7581","154","0.249752","Ox","5717","8","760","-18","18944","-999","774","-17.74675","-7.2404222","3346301","2958910"
"0","0","756.1933","7581","155","0.249369","Ox","5716","8","760","-18","18928","-999","774","-17.76501","-6.8249344","3346194","2959272"
"0","0","756.2528","7581","156","0.250135","Ox","5721","8","760","-18","18912","-999","774","-17.76574","-7.3497285","3346106","2958908"
"0","0","756.4902","7580","157","0.250518","Ox","5724","8","760","-18","18896","-999","774","-17.7694","-7.4901161","3346380","2958746"
"0","0","756.6564","7580","159","0.250135","Ox","5727","9","760","-18","18880","-999","774","-17.78401","-7.4100198","3346214","2958676"
"0","0","756.9173","7576","157","0.249752","Ox","5725","8","760","-18","18864","-999","775","-17.79424","-7.6293206","3346654","2958922"
"0","0","756.9916","7575","144","0.250135","Ox","5719","7","760","-18","18848","-999","775","-17.8103","-7.5116419","3346815","2959284"
"0","0","756.746","7574","142","0.250901","Ox","5718","6","760","-18","18832","-999","775","-17.81487","-7.1348485","3346385","2959353"
"0","0","756.7611","7573","141","0.250901","Ox","5713","8","760","-18","18816","-999","775","-17.79975","-7.5997033","3346237","2958769"
"0","0","756.7903","7573","141","0.250518","Ox","5713","7","760","-18","18800","-999","775","-17.80068","-7.684997","3346470","2958763"
"0","0","756.5173","7575","141","0.250518","Ox","5713","6","760","-18","18784","-999","774","-17.80248","-7.2217741","3346554","2959116"
"0","0","756.5643","7577","140","0.248986","Ox","5714","8","760","-18","18768","-999","774","-17.78568","-7.6128869","3346437","2958897"
"0","0","756.5012","7575","141","0.249369","Ox","5715","7","760","-18","18752","-999","774","-17.78857","-7.1462588","3346672","2959420"
"0","0","756.3845","7573","140","0.249752","Ox","5715","7","760","-18","18736","-999","774","-17.78469","-7.3274025","3346394","2959211"
"0","0","756.241","7575","140","0.250901","Ox","5711","7","760","-18","18720","-999","774","-17.77751","-7.9011759","3346565","2958918"
"0","0","756.4307","7575","167","0.251667","Ox","5709","9","760","-18","18704","-999","774","-17.76868","-7.2462501","3346262","2959179"
"0","0","756.9915","7571","175","0.251284","Ox","5706","9","760","-18","18688","-999","775","-17.78035","-7.8320841","3346760","2958808"
"0","0","757.4089","7567","170","0.251284","Ox","5703","9","760","-18","18672","-999","775","-17.81486","-7.5373373","3346348","2958768"
"0","0","757.7147","7567","156","0.251284","Ox","5703","8","760","-18","18656","-999","776","-17.84055","-7.4206299","3346782","2959313"
"0","0","757.7562","7570","147","0.250901","Ox","5699","8","760","-18","18640","-999","776","-17.85937","-7.6032595","3346455","2958864"
"0","0","757.6331","7568","136","0.251284","Ox","5699","8","760","-18","18624","-999","775","-17.86192","-7.6457543","3346275","2958799"
"0","0","757.2188","7565","133","0.250135","Ox","5698","6","760","-18","18608","-999","775","-17.85435","-7.1154623","3346482","2959493"
"0","0","757.0635","7571","130","0.250518","Ox","5697","6","760","-18","18592","-999","775","-17.82885","-7.7296957","3346589","2958526"
"0","0","757.0128","7569","156","0.250135","Ox","5696","8","760","-18","18576","-999","775","-17.81929","-7.1183462","3346309","2959163"
"0","0","757.1967","7568","156","0.250135","Ox","5694","8","760","-18","18560","-999","775","-17.81617","-7.5601501","3346494","2958981"
"0","0","757.4565","7567","152","0.249752","Ox","5695","8","760","-18","18544","-999","775","-17.82749","-8.2703437","3346924","2958541"
"0","0","757.6816","7566","148","0.251284","Ox","5695","8","760","-18","18528","-999","776","-17.84348","-6.9971127","3346624","2959581"
"0","0","757.5774","7563","143","0.250518","Ox","5694","8","760","-18","18512","-999","775","-17.85733","-7.9649295","3346574","2958744"
"0","0","757.4633","7560","134","0.250901","Ox","5692","6","760","-18","18496","-999","775","-17.85092","-7.0057029","3346119","2959230"
"0","0","757.0183","7566","131","0.250135","Ox","5688","6","760","-18","18480","-999","775","-17.8439","-7.3665952","3346657","2959300"
"0","0","757.136","7568","156","0.250901","Ox","5683","8","760","-18","18464","-999","775","-17.81651","-7.5438385","3346535","2958676"
"0","0","757.4001","7566","157","0.250135","Ox","5684","8","760","-18","18448","-999","775","-17.82376","-7.6699757","3346930","2959554"
"0","0","757.6249","7568","152","0.250135","Ox","5681","8","760","-18","18432","-999","775","-17.84","-7.4898099","3346536","2959125"
"0","0","757.5207","7564","146","0.249369","Ox","5679","8","760","-18","18416","-999","775","-17.85384","-7.6176085","3346666","2959216"
"0","0","757.5873","7564","135","0.249752","Ox","5682","8","760","-18","18400","-999","775","-17.84743","-7.9535894","3346485","2958437"
"0","0","757.1312","7565","131","0.248986","Ox","5683","6","760","-18","18384","-999","775","-17.85153","-7.4451007","3346487","2959112"
"0","0","756.8278","7572","129","0.250518","Ox","5684","7","760","-18","18368","-999","775","-17.82346","-6.6603989","3346180","2959935"
"0","0","756.6958","7567","152","0.250901","Ox","5684","7","760","-18","18352","-999","775","-17.80478","-7.7243618","3346613","2959349"
"0","0","756.9149","7569","152","0.250518","Ox","5683","9","760","-18","18336","-999","775","-17.79667","-7.8111171","3346666","2958830"
"0","0","757.1425","7567","149","0.251284","Ox","5678","8","760","-18","18320","-999","775","-17.81015","-7.7372984","3346335","2958957"
"0","0","757.1586","7566","147","0.250518","Ox","5675","8","760","-18","18304","-999","775","-17.82415","-7.7436141","3346682","2958914"
"0","0","757.3384","7566","146","0.250901","Ox","5674","8","760","-18","18288","-999","775","-17.82514","-7.2433056","3346700","2958786"
"0","0","757.2068","7565","145","0.250135","Ox","5672","8","760","-18","18272","-999","775","-17.83621","-7.5129919","3346297","2958682"
"0","0","757.4258","7564","143","0.250135","Ox","5672","7","760","-18","18256","-999","775","-17.82811","-7.8034539","3346876","2959000"
"0","0","757.4424","7563","144","0.250135","Ox","5674","8","760","-18","18240","-999","775","-17.84159","-7.6120905","3346679","2959045"
"0","0","757.3209","7562","143","0.250901","Ox","5676","7","760","-18","18224","-999","775","-17.84261","-7.4602494","3346632","2959251"
"0","0","757.0572","7563","141","0.251667","Ox","5674","7","760","-18","18208","-999","775","-17.83513","-7.5947976","3346585","2959156"
"0","0","757.4651","7564","140","0.250901","Ox","5669","7","760","-18","18192","-999","775","-17.8189","-7.1208605","3346458","2959248"
"0","0","757.2894","7563","138","0.251667","Ox","5663","7","760","-18","18176","-999","775","-17.84401","-7.5070424","3346121","2959012"
"0","0","757.3002","7564","136","0.251284","Ox","5664","6","760","-18","18160","-999","775","-17.83319","-7.6032595","3346526","2958984"
"0","0","757.0585","7563","135","0.251284","Ox","5667","6","760","-18","18144","-999","775","-17.83386","-7.3340883","3346761","2959263"
"0","0","756.6816","7563","134","0.250518","Ox","5670","7","760","-18","18128","-999","775","-17.81898","-7.689289","3346777","2958883"
"0","0","756.6747","7561","133","0.248986","Ox","5676","7","760","-18","18112","-999","774","-17.79579","-7.4792618","3346095","2959141"
"0","0","756.5245","7563","132","0.250901","Ox","5681","7","760","-18","18096","-999","774","-17.79536","-7.1673622","3346563","2959550"
"0","0","756.5638","7565","130","0.249752","Ox","5683","7","760","-18","18080","-999","774","-17.78612","-7.1095113","3346034","2959406"
"0","0","756.1998","7567","130","0.250518","Ox","5683","6","760","-18","18064","-999","774","-17.78854","-7.5867023","3346383","2959189"
"0","0","755.847","7571","130","0.250135","Ox","5679","7","150","-2","18048","-999","774","-17.90032","-7.7602295","3346498","2958695"
"0","0","755.8865","7567","153","0.250135","Ox","5675","8","150","-2","18032","-999","774","-17.89107","-7.4653401","3346639","2959376"
"0","0","756.2469","7562","142","0.250135","Ox","5676","7","150","-2","18016","-999","774","-17.89211","-7.3910675","3346282","2959155"
"0","0","755.9061","7566","127","0.249369","Ox","5685","7","150","-2","18000","-999","774","-17.90156","-7.3822364","3346736","2959131"
"0","0","755.4029","7567","113","0.248986","Ox","5689","6","150","-2","17984","-999","773","-17.89262","-7.667767","3346803","2959107"
"0","0","753.9101","7564","103","0.248603","Ox","5696","5","150","-2","17968","-999","772","-17.87942","-7.4928154","3346485","2959001"
"0","0","751.691","7565","92","0.247071","Ox","5708","4","150","-2","17952","-999","770","-17.84027","-7.102333","3346273","2958941"
"0","0","748.6794","7564","82","0.245922","Ox","5707","2","150","-2","17936","-999","766","-17.78206","-7.841525","3346738","2958782"
"0","0","745.7203","7566","72","0.244007","Ox","5713","3","150","-2","17920","-999","763","-17.70307","-7.3256845","3346206","2959517"
"0","0","740.1773","7572","62","0.242858","Ox","5730","2","150","-2","17904","-999","758","-17.62545","-7.5648717","3346563","2958935"
"0","0","734.8575","7574","52","0.240177","Ox","5730","2","150","-2","17888","-999","752","-17.48006","-7.7027173","3346616","2959011"
"0","0","729.237","7572","44","0.239411","Ox","5732","1","150","-2","17872","-999","747","-17.34053","-6.85396","3346274","2959027"
"0","0","722.7311","7587","37","0.239794","Ox","5748","1","150","-2","17856","-999","740","-17.1931","-7.5445742","3346684","2958770"
"0","0","714.7597","7589","32","0.238645","Ox","5767","1","150","-2","17840","-999","732","-17.02246","-7.6265001","3346457","2958778"
"0","0","707.4346","7589","27","0.238262","Ox","5773","1","150","-2","17824","-999","724","-16.81337","-7.3919272","3346318","2959069"
"0","0","700.0414","7589","24","0.238262","Ox","5768","0","150","-2","17808","-999","717","-16.62124","-7.6310987","3346493","2959418"
"0","0","691.4957","7593","20","0.237113","Ox","5765","1","150","-2","17792","-999","708","-16.42731","-7.3109025","3346374","2959022"
"0","0","684.0331","7598","17","0.237496","Ox","5765","1","150","-2","17776","-999","700","-16.20317","-7.6800303","3346394","2958937"
"0","0","674.825","7600","15","0.235964","Ox","5757","1","150","-2","17760","-999","691","-16.00743","-7.4855785","3346853","2959408"
"0","0","666.5653","7598","14","0.235581","Ox","5748","0","150","-2","17744","-999","682","-15.7659","-7.4918942","3346678","2959073"
"0","0","658.1414","7584","13","0.23673","Ox","5733","1","150","-2","17728","-999","674","-15.54925","-7.8284058","3346768","2959213"
"0","0","649.5824","7560","12","0.238262","Ox","5707","1","150","-2","17712","-999","665","-15.3283","-7.2766752","3346473","2958841"
"0","0","641.0652","7537","9","0.237879","Ox","5681","1","150","-2","17696","-999","656","-15.1038","-7.4994382","3346386","2959288"
"0","0","633.2064","7517","9","0.23673","Ox","5662","1","150","-2","17680","-999","648","-14.8804","-7.8406057","3346685","2959127"
"0","0","624.0948","7504","8","0.23673","Ox","5650","0","150","-2","17664","-999","639","-14.67426","-7.6463065","3346419","2959172"
"0","0","615.7631","7494","8","0.236347","Ox","5644","1","150","-2","17648","-999","630","-14.43527","-7.4109401","3346577","2958965"
"0","0","607.4766","7487","7","0.23673","Ox","5637","1","150","-2","17632","-999","622","-14.21674","-7.6416454","3346880","2958772"
"0","0","598.8705","7483","7","0.235964","Ox","5628","0","150","-2","17616","-999","613","-13.99939","-7.6082878","3346772","2959211"
"0","0","590.5737","7478","6","0.235581","Ox","5616","0","150","-2","17600","-999","604","-13.77365","-7.3248267","3346442","2959055"
"0","0","582.3035","7473","5","0.235198","Ox","5612","0","150","-2","17584","-999","596","-13.55603","-7.6930899","3346719","2959233"
"0","0","574.0375","7465","6","0.235198","Ox","5607","0","150","-2","17568","-999","587","-13.33911","-7.6812567","3346628","2959177"
"0","0","566.1877","7461","5","0.233666","Ox","5604","0","150","-2","17552","-999","579","-13.12229","-7.4298911","3346436","2959043"
"0","0","558.066","7457","5","0.235198","Ox","5603","1","150","-2","17536","-999","571","-12.9164","-7.6209192","3346692","2959561"
"0","0","550.1018","7454","4","0.234049","Ox","5592","0","150","-2","17520","-999","563","-12.70337","-7.6559948","3346894","2959177"
"0","0","542.2541","7453","4","0.234049","Ox","5581","1","150","-2","17504","-999","555","-12.49447","-7.7761082","3346782","2958763"
"0","0","534.347","7456","4","0.234049","Ox","5576","1","150","-2","17488","-999","547","-12.28863","-7.42523","3346866","2959360"
"0","0","527.5015","7462","3","0.2329","Ox","5579","1","150","-2","17472","-999","540","-12.08123","-7.5656685","3346815","2959446"
"0","0","518.9843","7463","4","0.232517","Ox","5577","0","150","-2","17456","-999","531","-11.90168","-7.5530977","3347016","2959405"
"0","0","511.5114","7464","4","0.232134","Ox","5570","1","150","-2","17440","-999","523","-11.67828","-7.6082878","3346946","2959602"
"0","0","503.8946","7469","3","0.233666","Ox","5556","1","150","-2","17424","-999","515","-11.48227","-7.8533582","3346817","2959254"
"0","0","496.6346","7471","3","0.2329","Ox","5559","1","150","-2","17408","-999","508","-11.28248","-7.9708752","3346909","2958704"
"0","0","489.5712","7469","2","0.232517","Ox","5566","0","150","-2","17392","-999","501","-11.09206","-7.5112738","3346696","2959368"
"0","0","482.3265","7470","4","0.233666","Ox","5561","1","150","-2","17376","-999","493","-10.90679","-8.2905054","3346920","2958988"
"0","0","475.4975","7474","3","0.234049","Ox","5553","1","150","-2","17360","-999","486","-10.71676","-7.8398714","3346619","2959005"
"0","0","468.5103","7476","3","0.2329","Ox","5546","0","150","-2","17344","-999","479","-10.53764","-8.0348701","3346606","2958882"
"0","0","461.9965","7475","2","0.233666","Ox","5553","0","150","-2","17328","-999","472","-10.35437","-7.6525602","3347152","2959366"
"0","0","454.4411","7476","3","0.2329","Ox","5557","1","150","-2","17312","-999","465","-10.18351","-7.9043641","3346680","2958826"
"0","0","447.7344","7478","3","0.232517","Ox","5561","0","150","-2","17296","-999","458","-9.985341","-7.4041934","3346941","2959669"
"0","0","441.1511","7480","3","0.232517","Ox","5552","0","150","-2","17280","-999","451","-9.809428","-8.0117616","3346921","2959368"
"0","0","434.4454","7481","4","0.231751","Ox","5543","0","150","-2","17264","-999","444","-9.636751","-7.5286293","3347070","2959095"
"0","0","428.0939","7481","3","0.231368","Ox","5538","0","150","-2","17248","-999","438","-9.460863","-7.7335586","3346884","2959142"
"0","0","421.6137","7485","3","0.232134","Ox","5536","0","150","-2","17232","-999","431","-9.294267","-7.9021568","3346683","2959168"
"0","0","415.8998","7487","3","0.232134","Ox","5537","0","150","-2","17216","-999","425","-9.124294","-7.7517066","3346729","2959226"
"0","0","409.1632","7495","2","0.231368","Ox","5535","0","150","-2","17200","-999","418","-8.974422","-7.7935218","3347133","2959291"
"0","0","402.9809","7496","3","0.232517","Ox","5525","0","150","-2","17184","-999","412","-8.797725","-7.8139977","3346800","2959241"
"0","0","396.8699","7498","3","0.2329","Ox","5523","1","150","-2","17168","-999","406","-8.635564","-7.880639","3346868","2959019"
"0","0","391.167","7501","2","0.232134","Ox","5519","1","150","-2","17152","-999","400","-8.475276","-8.2374963","3347168","2959009"
"0","0","385.0678","7501","3","0.232134","Ox","5522","0","150","-2","17136","-999","393","-8.325692","-7.9995021","3346654","2958754"
"0","0","379.3301","7494","3","0.231751","Ox","5523","1","150","-2","17120","-999","387","-8.165714","-8.1204366","3346987","2959030"
"0","0","373.9344","7493","3","0.232517","Ox","5520","0","150","-2","17104","-999","382","-8.015217","-7.9089002","3346808","2959039"
"0","0","378.3486","7493","4","0.231368","CH4+Ox","5513","1","1","-5","17088","-999","376","2.508745","-8.0685834","3347037","2958861"
"0","0","372.3837","7497","2","0.227155","CH4+Ox","5506","1","1","-5","17072","-999","370","2.597623","-7.3210849","3346562","2959384"
"0","0","366.7386","7498","3","0.230602","CH4+Ox","5506","1","1","-5","17056","-999","364","2.477525","-7.82344","3346669","2959085"
"0","0","361.2152","7501","4","0.232134","CH4+Ox","5510","1","1","-5","17040","-999","359","2.363863","-7.8086032","3346850","2959192"
"0","0","355.9578","7506","3","0.233666","CH4+Ox","5512","0","1","-5","17024","-999","354","2.252655","-8.0062446","3346587","2958819"
"0","0","349.8151","7507","3","0.233283","CH4+Ox","5508","0","1","-5","17008","-999","348","2.146801","-8.2871961","3346827","2959193"
"0","0","344.2431","7511","2","0.233283","CH4+Ox","5507","0","1","-5","16992","-999","342","2.023122","-7.8928999","3346971","2959098"
"0","0","338.6795","7511","4","0.233666","CH4+Ox","5512","1","1","-5","16976","-999","337","1.910935","-7.687633","3346834","2959201"
"0","0","333.5279","7511","3","0.2329","CH4+Ox","5507","1","1","-5","16960","-999","332","1.798916","-8.1604585","3347002","2958986"
"0","0","328.5596","7513","3","0.232134","CH4+Ox","5503","0","1","-5","16944","-999","327","1.695192","-8.4597501","3347233","2958766"
"0","0","322.8798","7515","3","0.231368","CH4+Ox","5505","0","1","-5","16928","-999","321","1.59516","-8.0656414","3346873","2958635"
"0","0","317.6572","7514","2","0.232517","CH4+Ox","5512","0","1","-5","16912","-999","316","1.480801","-7.905528","3347173","2958937"
"0","0","312.8568","7511","2","0.232134","CH4+Ox","5516","0","1","-5","16896","-999","311","1.375649","-8.1170043","3346926","2958627"
"0","0","307.7051","7514","2","0.2329","CH4+Ox","5513","0","1","-5","16880","-999","306","1.278996","-7.9097585","3347129","2959199"
"0","0","302.7811","7517","2","0.232517","CH4+Ox","5514","0","1","-5","16864","-999","302","1.17527","-7.8625535","3347164","2959172"
"0","0","297.2033","7516","2","0.232517","CH4+Ox","5493","1","1","-5","16848","-999","296","1.076129","-7.9881","3347355","2959491"
"0","0","292.5323","7515","3","0.2329","CH4+Ox","5467","0","1","-5","16832","-999","292","0.963825","-8.3351173","3347145","2958729"
"0","0","287.4888","7515","2","0.2329","CH4+Ox","5448","0","1","-5","16816","-999","287","0.869777","-8.0024452","3346980","2958939"
"0","0","282.3747","7511","2","0.232134","CH4+Ox","5446","1","1","-5","16800","-999","282","0.7682316","-8.1579456","3346911","2959102"
"0","0","277.9723","7511","2","0.231368","CH4+Ox","5460","-1","1","-5","16784","-999","277","0.6652617","-7.6184668","3347150","2959409"
"0","0","272.8642","7514","2","0.230219","CH4+Ox","5465","0","1","-5","16768","-999","272","0.5766225","-7.9543857","3346858","2958914"
"0","0","268.4558","7517","3","0.229836","CH4+Ox","5460","1","1","-5","16752","-999","268","0.4737751","-7.9190149","3346550","2959394"
"0","0","264.1485","7524","2","0.230602","CH4+Ox","5464","0","1","-5","16736","-999","264","0.3850169","-7.2860608","3346396","2959475"
"0","0","259.3313","7526","1","0.229836","CH4+Ox","5475","0","1","-5","16720","-999","259","0.2982924","-5.4721803","3343211","2958733"
"0","0","255.3095","7527","1","0.22907","CH4+Ox","5478","1","1","-5","16704","-999","255","0.2013013","-1.0105748","3337515","2959262"
"0","0","250.7613","7531","1","0.229836","CH4+Ox","5472","0","1","-5","16688","-999","251","0.1203249","25.558514","3307042","2959070"
"0","0","246.3193","7534","2","0.230219","CH4+Ox","5464","0","1","-5","16672","-999","246","2.875113E-02","98.083238","3237362","2958444"
"0","0","242.0865","7532","2","0.229453","CH4+Ox","5458","0","1","-5","16656","-999","242","-6.068516E-02","250.31108","3127130","2958963"
"0","0","238.3058","7533","1","0.230219","CH4+Ox","5450","0","1","-5","16640","-999","238","-0.1459091","506.10556","2995289","2958433"
"0","0","234.4417","7532","2","0.230219","CH4+Ox","5446","0","1","-5","16624","-999","235","-0.2220299","864.08824","2860729","2957534"
"0","0","230.453","7531","1","0.230985","CH4+Ox","5433","0","1","-5","16608","-999","231","-0.2998319","1299.8641","2735565","2957524"
"0","0","227.2119","7527","2","0.230985","CH4+Ox","5429","0","1","-5","16592","-999","228","-0.3801417","1780.7601","2625493","2956703"
"0","0","223.1705","7520","3","0.231751","CH4+Ox","5423","0","1","-5","16576","-999","224","-0.445399","2270.1346","2532322","2957097"
"0","0","219.2911","7515","3","0.232134","CH4+Ox","5421","0","1","-5","16560","-999","220","-0.5267687","2739.3102","2455429","2956642"
"0","0","215.714","7513","2","0.231368","CH4+Ox","5432","0","1","-5","16544","-999","216","-0.6048779","3165.1473","2394166","2957372"
"0","0","212.2917","7513","1","0.230602","CH4+Ox","5439","0","1","-5","16528","-999","213","-0.6768996","3519.4969","2348332","2956518"
"0","0","208.6891","7515","3","0.231368","CH4+Ox","5440","0","1","-5","16512","-999","209","-0.7458045","3777.9593","2318364","2956346"
"0","0","205.7457","7513","3","0.231751","CH4+Ox","5444","0","1","-5","16496","-999","207","-0.8183393","3932.6121","2303201","2956536"
"0","0","201.8157","7517","3","0.231368","CH4+Ox","5445","-1","1","-5","16480","-999","203","-0.8776038","3956.9649","2303408","2956723"
"0","0","198.5592","7519","3","0.231751","CH4+Ox","5444","0","1","-5","16464","-999","200","-0.9567307","3861.3991","2319378","2956448"
"0","0","195.2538","7521","2","0.231368","CH4+Ox","5445","0","1","-5","16448","-999","196","-1.022297","3649.3542","2349828","2956466"
"0","0","192.0968","7518","2","0.232517","CH4+Ox","5440","1","1","-5","16432","-999","193","-1.08885","3356.6069","2392968","2956994"
"0","0","188.9409","7517","3","0.232517","CH4+Ox","5436","0","1","-5","16416","-999","190","-1.152413","3000.7305","2446987","2957194"
"0","0","185.7831","7518","2","0.231368","CH4+Ox","5431","0","1","-5","16400","-999","187","-1.215955","2622.0393","2508817","2956896"
"0","0","183.5949","7518","3","0.2329","CH4+Ox","5432","0","1","-5","16384","-999","185","-1.279534","2242.6972","2577246","2957015"
"0","0","179.9066","7519","3","0.232517","CH4+Ox","5429","0","1","-5","16368","-999","181","-1.323592","2058.4931","2612973","2957528"
"0","0","176.9757","7514","2","0.232517","CH4+Ox","5426","0","1","-5","16352","-999","178","-1.397855","1715.4261","2684955","2957613"
"0","0","174.3017","7510","1","0.232517","CH4+Ox","5426","0","1","-5","16336","-999","176","-1.456866","1405.0739","2757982","2958187"
"0","0","171.3271","7512","1","0.234049","CH4+Ox","5430","1","1","-5","16320","-999","173","-1.510705","1136.9504","2828548","2957687"
"0","0","168.5883","7510","2","0.234049","CH4+Ox","5437","-1","1","-5","16304","-999","170","-1.570596","908.87966","2895567","2958015"
"0","0","165.8223","7508","2","0.234049","CH4+Ox","5439","0","1","-5","16288","-999","167","-1.625739","720.42212","2959417","2958474"
"0","0","163.3589","7507","2","0.235198","CH4+Ox","5442","1","1","-5","16272","-999","165","-1.681431","564.49322","3018275","2958262"
"0","0","160.5345","7508","1","0.235198","CH4+Ox","5447","0","1","-5","16256","-999","162","-1.731028","440.06185","3071220","2958865"
"0","0","157.8842","7508","2","0.234049","CH4+Ox","5453","0","1","-5","16240","-999","160","-1.787897","342.24877","3117820","2958732"
"0","0","155.4192","7509","2","0.234815","CH4+Ox","5455","0","1","-5","16224","-999","157","-1.841258","265.2893","3157889","2958635"
"0","0","153.4454","7509","2","0.234432","CH4+Ox","5456","0","1","-5","16208","-999","155","-1.890889","205.4593","3191783","2958777"
"0","0","151.2668","7508","1","0.234815","CH4+Ox","5459","-1","1","-5","16192","-999","153","-1.930629","159.61202","3220433","2958669"
"0","0","149.0219","7507","1","0.234432","CH4+Ox","5455","1","1","-5","16176","-999","151","-1.974493","124.73074","3243317","2958806"
"0","0","146.2545","7507","1","0.233283","CH4+Ox","5456","0","1","-5","16160","-999","148","-2.019692","98.33765","3261969","2959071"
"0","0","143.5362","7506","1","0.234815","CH4+Ox","5456","0","1","-5","16144","-999","146","-2.075412","78.486404","3276461","2959453"
"0","0","141.1848","7503","2","0.235198","CH4+Ox","5452","0","1","-5","16128","-999","143","-2.130143","63.203191","3287564","2958798"
"0","0","138.9316","7504","1","0.235964","CH4+Ox","5447","0","1","-5","16112","-999","141","-2.177486","51.866679","3296447","2959431"
"0","0","136.5259","7503","2","0.235964","CH4+Ox","5441","1","1","-5","16096","-999","139","-2.222853","42.657732","3303520","2958816"
"0","0","134.2693","7504","2","0.235581","CH4+Ox","5442","0","1","-5","16080","-999","137","-2.27129","36.257984","3308201","2958831"
"0","0","132.2601","7507","1","0.236347","CH4+Ox","5441","0","1","-5","16064","-999","135","-2.316725","30.502846","3312796","2959032"
"0","0","129.8251","7505","2","0.234815","CH4+Ox","5440","0","1","-5","16048","-999","132","-2.357179","27.00252","3316022","2959139"
"0","0","127.7182","7504","2","0.235581","CH4+Ox","5434","1","1","-5","16032","-999","130","-2.406205","23.507544","3319033","2959153"
"0","0","125.9243","7500","2","0.235581","CH4+Ox","5433","0","1","-5","16016","-999","128","-2.448626","22.364332","3319906","2959262"
"0","0","123.9207","7500","2","0.23673","CH4+Ox","5427","1","1","-5","16000","-999","126","-2.484746","20.65536","3321655","2959950"
"0","0","121.912","7497","2","0.237879","CH4+Ox","5421","1","1","-5","15984","-999","124","-2.525087","18.560127","3323326","2959399"
"0","0","119.7176","7493","2","0.237113","CH4+Ox","5417","0","1","-5","15968","-999","122","-2.565531","16.431831","3324467","2958947"
"0","0","117.8263","7491","2","0.237113","CH4+Ox","5407","1","1","-5","15952","-999","120","-2.609713","15.277101","3326010","2959184"
"0","0","116.1251","7492","2","0.23673","CH4+Ox","5399","1","1","-5","15936","-999","119","-2.647793","14.337384","3326796","2958842"
"0","0","114.3655","7492","2","0.237496","CH4+Ox","5397","1","1","-5","15920","-999","117","-2.682045","13.48154","3327353","2959028"
"0","0","112.4806","7494","1","0.237496","CH4+Ox","5392","0","1","-5","15904","-999","115","-2.717474","12.245835","3328375","2959298"
"0","0","110.7158","7494","2","0.237879","CH4+Ox","5387","1","1","-5","15888","-999","113","-2.755424","11.418608","3328672","2959119"
"0","0","108.7984","7495","2","0.237496","CH4+Ox","5387","0","1","-5","15872","-999","112","-2.790957","11.198904","3329470","2959106"
"0","0","107.3401","7493","3","0.238645","CH4+Ox","5386","1","1","-5","15856","-999","110","-2.829562","10.420275","3329874","2959176"
"0","0","105.7362","7493","2","0.238262","CH4+Ox","5389","0","1","-5","15840","-999","109","-2.858924","10.053727","3330493","2959020"
"0","0","104.345","7491","3","0.238262","CH4+Ox","5389","1","1","-5","15824","-999","107","-2.891217","9.2964534","3330853","2958826"
"0","0","102.9885","7492","2","0.238262","CH4+Ox","5389","0","1","-5","15808","-999","106","-2.919229","8.6787548","3331338","2958601"
"0","0","100.8595","7490","2","0.238262","CH4+Ox","5389","0","1","-5","15792","-999","104","-2.94654","8.7892551","3331746","2959188"
"0","0","99.88902","7489","2","0.239028","CH4+Ox","5390","0","1","-5","15776","-999","103","-2.989407","7.9373517","3331765","2958967"
"0","0","97.82808","7488","1","0.238645","CH4+Ox","5390","0","1","-5","15760","-999","101","-3.008946","8.1335134","3332304","2959197"
"0","0","96.67267","7484","2","0.239411","CH4+Ox","5392","0","1","-5","15744","-999","100","-3.050441","7.8079013","3332201","2959025"
"0","0","95.28751","7486","2","0.239028","CH4+Ox","5396","1","1","-5","15728","-999","98","-3.073705","7.226284","3332708","2958850"
"0","0","93.5876","7484","2","0.238262","CH4+Ox","5397","0","1","-5","15712","-999","97","-3.101594","7.2363562","3333122","2959209"
"0","0","92.50026","7483","2","0.239028","CH4+Ox","5398","0","1","-5","15696","-999","96","-3.13582","6.6140918","3333479","2959023"
"0","0","91.42498","7482","3","0.24056","CH4+Ox","5401","0","1","-5","15680","-999","95","-3.157713","6.7018294","3332971","2958689"
"0","0","89.69873","7485","2","0.240177","CH4+Ox","5401","0","1","-5","15664","-999","93","-3.179363","6.3842196","3333836","2959040"
"0","0","88.54784","7487","1","0.24056","CH4+Ox","5400","1","1","-5","15648","-999","92","-3.214119","6.1278753","3334302","2958972"
"0","0","87.00499","7484","3","0.241326","CH4+Ox","5398","1","1","-5","15632","-999","90","-3.237292","6.0359611","3333945","2958571"
"0","0","85.88808","7485","2","0.241326","CH4+Ox","5397","0","1","-5","15616","-999","89","-3.268356","5.8668718","3334051","2959382"
"0","0","84.6553","7485","2","0.240943","CH4+Ox","5396","0","1","-5","15600","-999","88","-3.290844","5.3510084","3334669","2958889"
"0","0","83.97865","7483","2","0.24056","CH4+Ox","5392","0","1","-5","15584","-999","87","-3.315665","5.5642771","3334274","2958912"
"0","0","82.47468","7482","2","0.240943","CH4+Ox","5390","1","1","-5","15568","-999","86","-3.329289","4.8540606","3335038","2959158"
"0","0","81.23309","7480","2","0.240943","CH4+Ox","5390","0","1","-5","15552","-999","85","-3.35957","4.4271593","3335267","2958732"
"0","0","80.30713","7479","2","0.241326","CH4+Ox","5392","0","1","-5","15536","-999","84","-3.384569","4.5534825","3334959","2958871"
"0","0","79.38731","7482","2","0.240943","CH4+Ox","5388","1","1","-5","15520","-999","83","-3.403212","4.8640484","3335432","2959310"
"0","0","78.18764","7482","2","0.241709","CH4+Ox","5386","1","1","-5","15504","-999","82","-3.421732","4.4775753","3335082","2958914"
"0","0","77.04417","7481","2","0.241326","CH4+Ox","5385","0","1","-5","15488","-999","80","-3.445886","4.4497318","3335426","2958921"
"0","0","76.08814","7484","0","0.242092","CH4+Ox","5386","0","1","-5","15472","-999","80","-3.468909","4.2790884","3335606","2959236"
"0","0","75.2601","7480","2","0.241326","CH4+Ox","5382","0","1","-5","15456","-999","79","-3.488158","4.0860929","3335877","2959037"
"0","0","75.02566","7483","1","0.241326","CH4+Ox","5381","1","1","-5","15440","-999","79","-3.50483","3.7803955","3335821","2959236"
"0","0","73.52726","7478","3","0.241709","CH4+Ox","5380","0","1","-5","15424","-999","77","-3.509551","4.0258393","3335676","2958938"
"0","0","72.71891","7481","1","0.242092","CH4+Ox","5383","-1","1","-5","15408","-999","76","-3.53972","3.6014919","3336167","2958746"
"0","0","72.14225","7481","1","0.242092","CH4+Ox","5379","-1","1","-5","15392","-999","76","-3.555995","3.4198915","3336528","2959382"
"0","0","71.22762","7479","3","0.241326","CH4+Ox","5377","1","1","-5","15376","-999","75","-3.567605","3.5819737","3336132","2958797"
"0","0","69.86987","7480","1","0.241709","CH4+Ox","5375","0","1","-5","15360","-999","73","-3.586021","3.7292678","3336292","2959229"
"0","0","69.09479","7481","2","0.242858","CH4+Ox","5376","1","1","-5","15344","-999","73","-3.613358","3.0447049","3336416","2958581"
